"id","custom_label_0","custom_label_1","custom_label_2","custom_label_3","custom_label_4"
"9587102941483","sve-za-domacinstvoo","","","",""
"10409422192939","tier-premium","","","",""
"10409422225707","","","","",""
"10409421111595","","","","",""
"10409422586155","tier-premium","","","",""
"9023427969323","sve-za-decu","tier-premium","","",""
"10089735291179","","","","",""
"10409512436011","tier-premium","","","",""
"10409512272171","tier-premium","","","",""
"9587097108779","sve-za-kuhinju","tier-premium","","",""
"10409422651691","","","","",""
"8867337273643","sve-za-decu","tier-premium","","",""
"9383195115819","","","","",""
"10396875424043","4g-kamere","video-nadzor","spoljne-wifi-kamere","unutrasnje-kamere","tier-premium"
"10396870869291","solarne-kamere","4g-kamere","video-nadzor","spoljne-wifi-kamere","tier-premium"
"10396870672683","solarne-kamere","4g-kamere","video-nadzor","spoljne-wifi-kamere","tier-premium"
"10409423634731","tier-premium","","","",""
"10410556391723","tier-premium","","","",""
"10409423831339","","","","",""
"9025006928171","tier-premium","","","",""
"9024927236395","tier-premium","","","",""
"9368746885419","basta-i-alati","tier-premium","","",""
"10409423896875","tier-premium","","","",""
"10409423995179","tier-premium","","","",""
"9022802755883","basta-i-alati","","","",""
"9037375734059","sve-za-automobil","tier-premium","","",""
"10410554655019","tier-premium","","","",""
"10396876964139","solarne-kamere","4g-kamere","video-nadzor","tier-premium",""
"9368668471595","sve-za-decu","sve-za-kuhinju","tier-premium","",""
"10409425010987","tier-premium","","","",""
"9587098288427","sve-za-domacinstvoo","tier-premium","","",""
"9023942426923","tier-premium","","","",""
"9025016693035","sve-za-automobil","tier-premium","","",""
"10409425109291","tier-premium","","","",""
"10412359975211","tier-premium","","","",""
"9587098583339","sve-za-decu","tier-premium","","",""
"9587104842027","sve-za-decu","tier-premium","","",""
"9064134902059","sve-za-decu","tier-premium","","",""
"9382359073067","sve-za-decu","tier-premium","","",""
"9587108741419","sve-za-decu","sve-za-automobil","tier-premium","",""
"10410597122347","tier-premium","","","",""
"10409505489195","tier-premium","","","",""
"10409506439467","tier-premium","","","",""
"10054654918955","tier-premium","","","",""
"10267266548011","sve-za-automobil","tier-premium","","",""
"10409488318763","tier-premium","","","",""
"9368575377707","sve-za-decu","tier-premium","","",""
"10396876210475","baby-monitori","video-nadzor","unutrasnje-kamere","tier-premium",""
"10396873097515","baby-monitori","video-nadzor","tier-premium","",""
"10396871491883","baby-monitori","video-nadzor","tier-premium","",""
"10410596991275","tier-premium","","","",""
"10409497297195","","","","",""
"10397711925547","baterijske-lampe","rasveta","tier-premium","",""
"9380261429547","basta-i-alati","tier-premium","","",""
"9970535104811","tier-premium","","","",""
"10010544111915","tier-premium","","","",""
"9383223066923","","","","",""
"10409504997675","tier-premium","","","",""
"10409513517355","tier-premium","","","",""
"10409505587499","tier-premium","","","",""
"10409513386283","tier-premium","","","",""
"10410556424491","tier-premium","","","",""
"9046628008235","sve-za-automobil","tier-premium","","",""
"10409513484587","tier-premium","","","",""
"10410590535979","tier-premium","","","",""
"9383181844779","sve-za-decu","tier-premium","","",""
"10409513615659","tier-premium","","","",""
"10417823973675","tier-premium","","","",""
"9022800036139","sve-za-domacinstvoo","","","",""
"9587095241003","","","","",""
"10409508765995","tier-premium","","","",""
"9049998065963","sve-za-decu","tier-premium","","",""
"10010528547115","","","","",""
"8893799203115","sve-za-decu","","","",""
"10410600038699","tier-premium","","","",""
"10410600235307","tier-premium","","","",""
"10410600497451","tier-premium","","","",""
"10410600661291","tier-premium","","","",""
"10410600825131","tier-premium","","","",""
"9587092816171","sve-za-decu","tier-premium","","",""
"10410607214891","tier-premium","","","",""
"10410556555563","tier-premium","","","",""
"10409513713963","tier-premium","","","",""
"10409516761387","tier-premium","","","",""
"10409517318443","tier-premium","","","",""
"10409518170411","tier-premium","","","",""
"9049999769899","sve-za-domacinstvoo","tier-premium","","",""
"9587089572139","sve-za-domacinstvoo","","","",""
"10409518268715","tier-premium","","","",""
"9598064558379","sve-za-decu","tier-premium","","",""
"9368701468971","sve-za-decu","tier-premium","","",""
"10410556457259","tier-premium","","","",""
"9368663720235","sve-za-kuhinju","","","",""
"10410555736363","tier-premium","","","",""
"10409509585195","tier-premium","","","",""
"10410552754475","tier-premium","","","",""
"10409513746731","tier-premium","","","",""
"9587088818475","sve-za-automobil","tier-premium","","",""
"9586989465899","sve-za-automobil","","","",""
"10409425142059","tier-premium","","","",""
"10409513943339","tier-premium","","","",""
"10409424945451","tier-premium","","","",""
"9941291073835","tier-premium","","","",""
"10409519251755","tier-premium","","","",""
"10409519186219","tier-premium","","","",""
"10409519120683","tier-premium","","","",""
"10409422487851","","","","",""
"9586988810539","lepota-i-zdravlje","","","",""
"10409420882219","tier-premium","","","",""
"10396873294123","lovacke-kamere","4g-kamere","video-nadzor","spoljne-wifi-kamere","tier-premium"
"10396872278315","lovacke-kamere","4g-kamere","video-nadzor","spoljne-wifi-kamere","tier-premium"
"10396871754027","lovacke-kamere","4g-kamere","video-nadzor","spoljne-wifi-kamere","tier-premium"
"10396876833067","lovacke-kamere","solarne-kamere","4g-kamere","video-nadzor","tier-premium"
"10396873621803","lovacke-kamere","solarne-kamere","4g-kamere","video-nadzor","tier-premium"
"10396876636459","lovacke-kamere","solarne-kamere","4g-kamere","video-nadzor","tier-premium"
"10396871328043","solarne-kamere","video-nadzor","spoljne-wifi-kamere","tier-premium",""
"10409519284523","","","","",""
"10410555605291","tier-premium","","","",""
"9587078299947","","","","",""
"9587090391339","basta-i-alati","","","",""
"9371107590443","sve-za-decu","tier-premium","","",""
"8863967478059","sve-za-decu","tier-premium","","",""
"10409421078827","","","","",""
"9587089178923","tier-premium","","","",""
"9587091210539","sve-za-kuhinju","","","",""
"8915158860075","","","","",""
"10410605084971","tier-premium","","","",""
"9587080331563","tier-premium","","","",""
"10060726632747","tier-premium","","","",""
"10396875620651","video-nadzor","unutrasnje-kamere","tier-premium","",""
"9587066077483","","","","",""
"9587060408619","tier-premium","","","",""
"10396871917867","kompleti-za-nadzor","video-nadzor","spoljne-wifi-kamere","unutrasnje-kamere","tier-premium"
"9037374751019","tier-premium","","","",""
"10396876308779","sijalica-kamere","video-nadzor","spoljne-wifi-kamere","unutrasnje-kamere","tier-premium"
"10397712482603","kamp-led-lampe","solarne-led-lampe","rasveta","tier-premium",""
"10397695672619","kamp-led-lampe","rasveta","tier-premium","",""
"10397701767467","kamp-led-lampe","smart-led-lampe","rasveta","tier-premium",""
"10396886466859","sd-kartice","video-nadzor","","",""
"10409512403243","","","","",""
"9368734499115","tier-premium","","","",""
"9587061850411","","","","",""
"9937820418347","","","","",""
"8989521215787","tier-premium","","","",""
"10410554720555","tier-premium","","","",""
"10176570982699","tier-premium","","","",""
"9368659165483","","","","",""
"9586987106603","tier-premium","","","",""
"10011997339947","tier-premium","","","",""
"10406917407019","tier-premium","","","",""
"9587074728235","sve-za-decu","","","",""
"10397709795627","led-trake","rasveta","tier-premium","",""
"9587062898987","tier-premium","","","",""
"10049837203755","","","","",""
"9587061162283","","","","",""
"10410551607595","tier-premium","","","",""
"10409519317291","tier-premium","","","",""
"10409420226859","","","","",""
"9368627642667","basta-i-alati","tier-premium","","",""
"9368629477675","tier-premium","","","",""
"9371085242667","tier-premium","","","",""
"8893821681963","sve-za-decu","","","",""
"8988688056619","sve-za-decu","","","",""
"9368704713003","sve-za-decu","tier-premium","","",""
"9587064963371","sve-za-decu","","","",""
"10051870851371","tier-premium","","","",""
"8872322040107","sve-za-decu","tier-premium","","",""
"10049852768555","","","","",""
"10410551542059","","","","",""
"9587044155691","tier-premium","","","",""
"10410604855595","tier-premium","","","",""
"9947781103915","tier-premium","","","",""
"9368611815723","tier-premium","","","",""
"9368623546667","tier-premium","","","",""
"9587040878891","sve-za-decu","tier-premium","","",""
"8867042754859","sve-za-decu","tier-premium","","",""
"10409520726315","tier-premium","","","",""
"9817266880811","","","","",""
"9025019117867","tier-premium","","","",""
"10409511289131","","","","",""
"9990873383211","tier-premium","","","",""
"10409424814379","tier-premium","","","",""
"9587053756715","","","","",""
"10410554917163","tier-premium","","","",""
"10410557440299","tier-premium","","","",""
"9380202905899","tier-premium","","","",""
"10410597810475","","","","",""
"10410551509291","","","","",""
"10042677559595","","","","",""
"10410555703595","tier-premium","","","",""
"10409420194091","","","","",""
"9371293745451","","","","",""
"10410554753323","tier-premium","","","",""
"10410553114923","tier-premium","","","",""
"10176576618795","tier-premium","","","",""
"10176574325035","tier-premium","","","",""
"10410607575339","tier-premium","","","",""
"9587049693483","sve-za-automobil","tier-premium","","",""
"9368656773419","basta-i-alati","","","",""
"9587055755563","","","","",""
"9368731746603","","","","",""
"9587058016555","sve-za-decu","tier-premium","","",""
"10409511551275","tier-premium","","","",""
"10410604921131","tier-premium","","","",""
"9587030294827","","","","",""
"9023346082091","tier-premium","","","",""
"9368696029483","sve-za-kuhinju","tier-premium","","",""
"10410557309227","","","","",""
"10410557341995","tier-premium","","","",""
"10410557407531","tier-premium","","","",""
"10396872900907","video-nadzor","spoljne-wifi-kamere","unutrasnje-kamere","tier-premium",""
"9368692916523","sve-za-decu","","","",""
"10410605248811","","","","",""
"10410596827435","tier-premium","","","",""
"10397580788011","smart-led-lampe","rasveta","tier-premium","",""
"10397592748331","smart-led-lampe","rasveta","tier-premium","",""
"10174141563179","tier-premium","","","",""
"9936646734123","","","","",""
"8883624214827","sve-za-decu","","","",""
"10049263763755","tier-premium","","","",""
"10409511682347","tier-premium","","","",""
"10090937385259","tier-premium","","","",""
"10412368593195","tier-premium","","","",""
"10409420980523","tier-premium","","","",""
"10409515254059","","","","",""
"9023034753323","tier-premium","","","",""
"10410551640363","tier-premium","","","",""
"9371221098795","sve-za-decu","tier-premium","","",""
"10409509683499","","","","",""
"9936310796587","tier-premium","","","",""
"10419472957739","tier-premium","","","",""
"10410607411499","tier-premium","","","",""
"10409513582891","tier-premium","","","",""
"10410551673131","","","","",""
"10397705666859","kamp-led-lampe","rasveta","tier-premium","",""
"10409513681195","","","","",""
"9368610308395","tier-premium","","","",""
"10409513550123","","","","",""
"10410597581099","tier-premium","","","",""
"10409512632619","tier-premium","","","",""
"10410605347115","tier-premium","","","",""
"10409510437163","tier-premium","","","",""
"10412732645675","tier-premium","","","",""
"9977569280299","tier-premium","","","",""
"9882519732523","tier-premium","","","",""
"10388466139435","tier-premium","","","",""
"9047701061931","basta-i-alati","tier-premium","","",""
"9986494529835","tier-premium","","","",""
"10409510568235","tier-premium","","","",""
"10410556522795","tier-premium","","","",""
"9023007686955","","","","",""
"10409510666539","tier-premium","","","",""
"10409520628011","","","","",""
"10396872442155","video-nadzor","unutrasnje-kamere","tier-premium","",""
"10409520759083","tier-premium","","","",""
"10410552852779","tier-premium","","","",""
"10410591093035","tier-premium","","","",""
"10410552885547","tier-premium","","","",""
"8893793370411","sve-za-decu","tier-premium","","",""
"10410590208299","tier-premium","","","",""
"10410589946155","tier-premium","","","",""
"10410590732587","tier-premium","","","",""
"10410552820011","tier-premium","","","",""
"10410590929195","tier-premium","","","",""
"10409507225899","tier-premium","","","",""
"10409507684651","","","","",""
"10396872737067","video-nadzor","spoljne-wifi-kamere","unutrasnje-kamere","tier-premium",""
"10396871196971","video-nadzor","spoljne-wifi-kamere","unutrasnje-kamere","tier-premium",""
"9380947591467","tier-premium","","","",""
"10396872540459","solarne-kamere","4g-kamere","video-nadzor","spoljne-wifi-kamere","tier-premium"
"10396872048939","baby-monitori","video-nadzor","unutrasnje-kamere","tier-premium",""
"10396875030827","video-nadzor","spoljne-wifi-kamere","unutrasnje-kamere","tier-premium",""
"10396875850027","video-nadzor","spoljne-wifi-kamere","unutrasnje-kamere","tier-premium",""
"10396874178859","video-nadzor","spoljne-wifi-kamere","unutrasnje-kamere","tier-premium",""
"10396872180011","video-nadzor","spoljne-wifi-kamere","unutrasnje-kamere","tier-premium",""
"10396877488427","video-nadzor","spoljne-wifi-kamere","unutrasnje-kamere","tier-premium",""
"10396874703147","video-nadzor","spoljne-wifi-kamere","unutrasnje-kamere","tier-premium",""
"10396873785643","video-nadzor","spoljne-wifi-kamere","unutrasnje-kamere","tier-premium",""
"10396874146091","video-nadzor","spoljne-wifi-kamere","unutrasnje-kamere","tier-premium",""
"10396877193515","video-nadzor","spoljne-wifi-kamere","unutrasnje-kamere","tier-premium",""
"10396877750571","video-nadzor","spoljne-wifi-kamere","unutrasnje-kamere","tier-premium",""
"9069279838507","","","","",""
"9368664965419","","","","",""
"10409508241707","tier-premium","","","",""
"10409507946795","","","","",""
"10249765880107","tier-premium","","","",""
"10409511813419","tier-premium","","","",""
"10410554786091","","","","",""
"10410554818859","","","","",""
"10410554884395","tier-premium","","","",""
"8850550096171","sve-za-decu","tier-premium","","",""
"9587018400043","sve-za-kuhinju","","","",""
"10057595355435","","","","",""
"10409511321899","","","","",""
"9050032472363","tier-premium","","","",""
"9022805573931","","","","",""
"9371211333931","sve-za-decu","tier-premium","","",""
"9368653758763","tier-premium","","","",""
"9368655528235","","","","",""
"9024940671275","sve-za-decu","","","",""
"10409420357931","tier-premium","","","",""
"10409420489003","","","","",""
"10393990070571","tier-premium","","","",""
"10409508340011","tier-premium","","","",""
"9587018957099","","","","",""
"9368624529707","","","","",""
"9587024953643","tier-premium","","","",""
"10409509650731","tier-premium","","","",""
"9380917051691","tier-premium","","","",""
"10410553016619","","","","",""
"10410553180459","tier-premium","","","",""
"10410597384491","","","","",""
"10398098293035","tier-premium","","","",""
"9935124922667","tier-premium","","","",""
"9371101921579","sve-za-decu","tier-premium","","",""
"10409506144555","tier-premium","","","",""
"10313362571563","","","","",""
"10042688078123","tier-premium","","","",""
"10410555670827","tier-premium","","","",""
"10396877324587","solarne-kamere","4g-kamere","video-nadzor","spoljne-wifi-kamere","tier-premium"
"10396874309931","solarne-kamere","4g-kamere","video-nadzor","spoljne-wifi-kamere","tier-premium"
"10396875260203","solarne-kamere","video-nadzor","spoljne-wifi-kamere","tier-premium",""
"9368649597227","","","","",""
"10397710811435","solarne-led-lampe","rasveta","tier-premium","",""
"10409508929835","","","","",""
"9368633573675","basta-i-alati","tier-premium","","",""
"9998365491499","","","","",""
"10409509028139","tier-premium","","","",""
"10397613490475","solarne-led-lampe","rasveta","tier-premium","",""
"10409510928683","tier-premium","","","",""
"10397712974123","solarne-led-lampe","rasveta","tier-premium","",""
"10397713432875","solarne-led-lampe","rasveta","tier-premium","",""
"10397622632747","solarne-led-lampe","rasveta","tier-premium","",""
"10397626630443","solarne-led-lampe","rasveta","tier-premium","",""
"10397629219115","solarne-led-lampe","rasveta","tier-premium","",""
"10397618045227","solarne-led-lampe","rasveta","tier-premium","",""
"10397644849451","kamp-led-lampe","rasveta","tier-premium","",""
"10409510994219","tier-premium","","","",""
"10396874473771","solarne-kamere","video-nadzor","spoljne-wifi-kamere","tier-premium",""
"10409511026987","","","","",""
"9587000901931","basta-i-alati","tier-premium","","",""
"10409511092523","","","","",""
"10397681484075","solarne-led-lampe","rasveta","tier-premium","",""
"10397632299307","solarne-led-lampe","rasveta","tier-premium","",""
"10397652648235","solarne-led-lampe","rasveta","tier-premium","",""
"10397714022699","solarne-led-lampe","rasveta","tier-premium","",""
"10397678862635","solarne-led-lampe","rasveta","tier-premium","",""
"10397684236587","solarne-led-lampe","rasveta","tier-premium","",""
"10397687152939","solarne-led-lampe","rasveta","tier-premium","",""
"10397649207595","solarne-led-lampe","rasveta","tier-premium","",""
"10397599170859","solarne-led-lampe","rasveta","tier-premium","",""
"10409517809963","","","","",""
"10409513058603","","","","",""
"10409511125291","tier-premium","","","",""
"10409509749035","","","","",""
"10397714579755","solarni-led-reflektori","rasveta","","",""
"10397711434027","solarni-led-reflektori","rasveta","tier-premium","",""
"10397709369643","solarni-led-reflektori","rasveta","tier-premium","",""
"10397710319915","solarni-led-reflektori","rasveta","tier-premium","",""
"10397715038507","solarne-led-lampe","rasveta","tier-premium","",""
"9937946083627","","","","",""
"10409509814571","","","","",""
"9994453516587","","","","",""
"10397708747051","solarne-led-lampe","rasveta","tier-premium","",""
"10397715628331","solarne-led-lampe","rasveta","tier-premium","",""
"10410551476523","","","","",""
"10409513156907","tier-premium","","","",""
"10410557505835","","","","",""
"9586986549547","sve-za-automobil","","","",""
"9022798201131","sve-za-kuhinju","","","",""
"10409509093675","tier-premium","","","",""
"8903394656555","sve-za-decu","tier-premium","","",""
"9973383037227","","","","",""
"10397607493931","solarne-led-lampe","rasveta","tier-premium","",""
"10409510338859","tier-premium","","","",""
"9587002114347","","","","",""
"10409520791851","tier-premium","","","",""
"10042679755051","tier-premium","","","",""
"10393094193451","","","","",""
"10396871033131","solarne-kamere","4g-kamere","video-nadzor","spoljne-wifi-kamere","tier-premium"
"10052828561707","tier-premium","","","",""
"9368673222955","tier-premium","","","",""
"10409513255211","tier-premium","","","",""
"10409513222443","tier-premium","","","",""
"10409421046059","","","","",""
"10409513320747","tier-premium","","","",""
"9883013710123","tier-premium","","","",""
"10409513648427","","","","",""
"10409514565931","","","","",""
"10409517515051","tier-premium","","","",""
"10409423503659","","","","",""
"9368619221291","","","","",""
"9586990022955","basta-i-alati","","","",""
"9049990889771","sve-za-decu","","","",""
"10409513845035","tier-premium","","","",""
"10409514828075","tier-premium","","","",""
"9380397711659","","","","",""
"10410555572523","tier-premium","","","",""
"10409506308395","tier-premium","","","",""
"9586998182187","","","","",""
"10089753739563","tier-premium","","","",""
"10409515155755","tier-premium","","","",""
"10073600655659","","","","",""
"10396876505387","video-nadzor","spoljne-wifi-kamere","unutrasnje-kamere","tier-premium",""
"10396873425195","video-nadzor","unutrasnje-kamere","tier-premium","",""
"10396874113323","video-nadzor","spoljne-wifi-kamere","tier-premium","",""
"10396874866987","video-nadzor","spoljne-wifi-kamere","unutrasnje-kamere","tier-premium",""
"10396873949483","sijalica-kamere","video-nadzor","spoljne-wifi-kamere","unutrasnje-kamere","tier-premium"
"10396860711211","video-nadzor","tier-premium","","",""
"10396876407083","solarne-kamere","4g-kamere","video-nadzor","tier-premium",""
"10409506177323","tier-premium","","","",""
"10409515286827","","","","",""
"10409420456235","","","","",""
"9787220951339","","","","",""
"8912530768171","sve-za-automobil","tier-premium","","",""
"9586997854507","sve-za-kuhinju","","","",""
"9381506842923","","","","",""
